STATEFIPS,Region,Region_id
1001,South,3
1003,South,3
1005,South,3
1007,South,3
1009,South,3
1011,South,3
1013,South,3
1015,South,3
1017,South,3
1019,South,3
1021,South,3
1023,South,3
1025,South,3
1027,South,3
1029,South,3
1031,South,3
1033,South,3
1037,South,3
1039,South,3
1041,South,3
1043,South,3
1045,South,3
1047,South,3
1049,South,3
1051,South,3
1053,South,3
1055,South,3
1057,South,3
1059,South,3
1061,South,3
1063,South,3
1065,South,3
1067,South,3
1069,South,3
1071,South,3
1073,South,3
1075,South,3
1077,South,3
1079,South,3
1081,South,3
1083,South,3
1085,South,3
1087,South,3
1089,South,3
1091,South,3
1093,South,3
1095,South,3
1097,South,3
1099,South,3
1101,South,3
1103,South,3
1105,South,3
1107,South,3
1109,South,3
1111,South,3
1113,South,3
1115,South,3
1117,South,3
1119,South,3
1121,South,3
1123,South,3
1125,South,3
1127,South,3
1129,South,3
1131,South,3
1133,South,3
2013,West,4
2016,West,4
2020,West,4
2050,West,4
2060,West,4
2068,West,4
2070,West,4
2090,West,4
2100,West,4
2105,West,4
2110,West,4
2122,West,4
2130,West,4
2150,West,4
2164,West,4
2170,West,4
2180,West,4
2185,West,4
2188,West,4
2195,West,4
2198,West,4
2220,West,4
2230,West,4
2240,West,4
2261,West,4
2270,West,4
2275,West,4
2282,West,4
2290,West,4
4001,West,4
4003,West,4
4005,West,4
4007,West,4
4009,West,4
4011,West,4
4012,West,4
4013,West,4
4015,West,4
4017,West,4
4019,West,4
4021,West,4
4023,West,4
4025,West,4
4027,West,4
5001,South,3
5003,South,3
5005,South,3
5007,South,3
5011,South,3
5013,South,3
5015,South,3
5017,South,3
5019,South,3
5021,South,3
5023,South,3
5025,South,3
5027,South,3
5029,South,3
5031,South,3
5033,South,3
5035,South,3
5037,South,3
5039,South,3
5041,South,3
5043,South,3
5045,South,3
5047,South,3
5049,South,3
5051,South,3
5053,South,3
5055,South,3
5057,South,3
5059,South,3
5061,South,3
5063,South,3
5065,South,3
5067,South,3
5069,South,3
5071,South,3
5073,South,3
5075,South,3
5077,South,3
5079,South,3
5081,South,3
5083,South,3
5085,South,3
5087,South,3
5089,South,3
5091,South,3
5093,South,3
5095,South,3
5097,South,3
5099,South,3
5101,South,3
5103,South,3
5105,South,3
5107,South,3
5109,South,3
5111,South,3
5113,South,3
5115,South,3
5117,South,3
5119,South,3
5121,South,3
5123,South,3
5125,South,3
5127,South,3
5129,South,3
5131,South,3
5133,South,3
5135,South,3
5137,South,3
5139,South,3
5141,South,3
5143,South,3
5145,South,3
5147,South,3
5149,South,3
6001,West,4
6003,West,4
6005,West,4
6007,West,4
6009,West,4
6011,West,4
6013,West,4
6015,West,4
6017,West,4
6019,West,4
6021,West,4
6023,West,4
6025,West,4
6027,West,4
6029,West,4
6031,West,4
6033,West,4
6035,West,4
6037,West,4
6039,West,4
6041,West,4
6043,West,4
6045,West,4
6047,West,4
6049,West,4
6051,West,4
6053,West,4
6055,West,4
6057,West,4
6059,West,4
6061,West,4
6063,West,4
6065,West,4
6067,West,4
6069,West,4
6071,West,4
6073,West,4
6075,West,4
6077,West,4
6079,West,4
6081,West,4
6083,West,4
6085,West,4
6087,West,4
6089,West,4
6091,West,4
6093,West,4
6095,West,4
6097,West,4
6099,West,4
6101,West,4
6103,West,4
6105,West,4
6107,West,4
6109,West,4
6111,West,4
6113,West,4
6115,West,4
8001,West,4
8003,West,4
8005,West,4
8007,West,4
8009,West,4
8011,West,4
8013,West,4
8014,West,4
8015,West,4
8017,West,4
8019,West,4
8021,West,4
8023,West,4
8029,West,4
8031,West,4
8033,West,4
8035,West,4
8037,West,4
8039,West,4
8041,West,4
8043,West,4
8045,West,4
8047,West,4
8049,West,4
8051,West,4
8053,West,4
8055,West,4
8057,West,4
8059,West,4
8061,West,4
8063,West,4
8065,West,4
8067,West,4
8069,West,4
8071,West,4
8073,West,4
8075,West,4
8077,West,4
8079,West,4
8081,West,4
8083,West,4
8085,West,4
8087,West,4
8089,West,4
8091,West,4
8093,West,4
8097,West,4
8099,West,4
8101,West,4
8103,West,4
8105,West,4
8107,West,4
8109,West,4
8111,West,4
8113,West,4
8115,West,4
8117,West,4
8119,West,4
8121,West,4
8123,West,4
8125,West,4
9001,Northeast,1
9003,Northeast,1
9005,Northeast,1
9007,Northeast,1
9009,Northeast,1
9011,Northeast,1
9013,Northeast,1
9015,Northeast,1
10001,South,3
10003,South,3
10005,South,3
12001,South,3
12003,South,3
12005,South,3
12007,South,3
12009,South,3
12011,South,3
12013,South,3
12015,South,3
12017,South,3
12019,South,3
12021,South,3
12023,South,3
12027,South,3
12029,South,3
12031,South,3
12033,South,3
12035,South,3
12037,South,3
12039,South,3
12041,South,3
12043,South,3
12045,South,3
12047,South,3
12049,South,3
12051,South,3
12053,South,3
12055,South,3
12057,South,3
12061,South,3
12063,South,3
12065,South,3
12067,South,3
12069,South,3
12071,South,3
12073,South,3
12075,South,3
12077,South,3
12079,South,3
12081,South,3
12083,South,3
12085,South,3
12086,South,3
12087,South,3
12089,South,3
12091,South,3
12093,South,3
12095,South,3
12097,South,3
12099,South,3
12101,South,3
12103,South,3
12105,South,3
12107,South,3
12109,South,3
12111,South,3
12113,South,3
12115,South,3
12117,South,3
12119,South,3
12121,South,3
12123,South,3
12125,South,3
12127,South,3
12129,South,3
12131,South,3
12133,South,3
13001,South,3
13007,South,3
13011,South,3
13015,South,3
13019,South,3
13021,South,3
13025,South,3
13027,South,3
13029,South,3
13031,South,3
13033,South,3
13035,South,3
13037,South,3
13039,South,3
13043,South,3
13045,South,3
13049,South,3
13051,South,3
13055,South,3
13057,South,3
13061,South,3
13063,South,3
13065,South,3
13067,South,3
13069,South,3
13071,South,3
13073,South,3
13075,South,3
13077,South,3
13079,South,3
13083,South,3
13087,South,3
13089,South,3
13093,South,3
13097,South,3
13099,South,3
13101,South,3
13103,South,3
13107,South,3
13109,South,3
13111,South,3
13113,South,3
13115,South,3
13117,South,3
13119,South,3
13121,South,3
13123,South,3
13127,South,3
13129,South,3
13131,South,3
13133,South,3
13135,South,3
13137,South,3
13139,South,3
13143,South,3
13145,South,3
13147,South,3
13149,South,3
13151,South,3
13153,South,3
13155,South,3
13157,South,3
13159,South,3
13161,South,3
13163,South,3
13165,South,3
13167,South,3
13169,South,3
13173,South,3
13175,South,3
13177,South,3
13179,South,3
13183,South,3
13185,South,3
13189,South,3
13191,South,3
13193,South,3
13195,South,3
13199,South,3
13201,South,3
13205,South,3
13207,South,3
13209,South,3
13211,South,3
13213,South,3
13215,South,3
13217,South,3
13219,South,3
13221,South,3
13223,South,3
13225,South,3
13227,South,3
13229,South,3
13231,South,3
13233,South,3
13235,South,3
13237,South,3
13239,South,3
13241,South,3
13243,South,3
13245,South,3
13247,South,3
13249,South,3
13251,South,3
13253,South,3
13255,South,3
13257,South,3
13259,South,3
13261,South,3
13263,South,3
13265,South,3
13267,South,3
13269,South,3
13271,South,3
13273,South,3
13275,South,3
13277,South,3
13279,South,3
13281,South,3
13283,South,3
13285,South,3
13287,South,3
13289,South,3
13291,South,3
13293,South,3
13295,South,3
13297,South,3
13299,South,3
13301,South,3
13303,South,3
13305,South,3
13307,South,3
13309,South,3
13311,South,3
13313,South,3
13315,South,3
13317,South,3
13319,South,3
13321,South,3
15001,West,4
15003,West,4
15007,West,4
15009,West,4
16001,West,4
16003,West,4
16005,West,4
16007,West,4
16009,West,4
16011,West,4
16013,West,4
16015,West,4
16017,West,4
16019,West,4
16021,West,4
16023,West,4
16025,West,4
16027,West,4
16029,West,4
16031,West,4
16033,West,4
16035,West,4
16037,West,4
16039,West,4
16041,West,4
16043,West,4
16045,West,4
16047,West,4
16049,West,4
16051,West,4
16053,West,4
16055,West,4
16057,West,4
16059,West,4
16061,West,4
16063,West,4
16065,West,4
16067,West,4
16069,West,4
16071,West,4
16073,West,4
16075,West,4
16077,West,4
16079,West,4
16081,West,4
16083,West,4
16085,West,4
16087,West,4
17001,Midwest,2
17003,Midwest,2
17005,Midwest,2
17007,Midwest,2
17009,Midwest,2
17011,Midwest,2
17013,Midwest,2
17015,Midwest,2
17017,Midwest,2
17019,Midwest,2
17021,Midwest,2
17023,Midwest,2
17025,Midwest,2
17027,Midwest,2
17029,Midwest,2
17031,Midwest,2
17033,Midwest,2
17035,Midwest,2
17037,Midwest,2
17039,Midwest,2
17041,Midwest,2
17043,Midwest,2
17045,Midwest,2
17047,Midwest,2
17049,Midwest,2
17051,Midwest,2
17053,Midwest,2
17055,Midwest,2
17057,Midwest,2
17059,Midwest,2
17061,Midwest,2
17063,Midwest,2
17065,Midwest,2
17067,Midwest,2
17069,Midwest,2
17071,Midwest,2
17073,Midwest,2
17075,Midwest,2
17077,Midwest,2
17079,Midwest,2
17081,Midwest,2
17083,Midwest,2
17085,Midwest,2
17087,Midwest,2
17089,Midwest,2
17091,Midwest,2
17093,Midwest,2
17095,Midwest,2
17097,Midwest,2
17099,Midwest,2
17101,Midwest,2
17103,Midwest,2
17105,Midwest,2
17107,Midwest,2
17109,Midwest,2
17111,Midwest,2
17113,Midwest,2
17115,Midwest,2
17117,Midwest,2
17119,Midwest,2
17121,Midwest,2
17123,Midwest,2
17125,Midwest,2
17127,Midwest,2
17129,Midwest,2
17131,Midwest,2
17133,Midwest,2
17135,Midwest,2
17137,Midwest,2
17139,Midwest,2
17141,Midwest,2
17143,Midwest,2
17145,Midwest,2
17147,Midwest,2
17149,Midwest,2
17151,Midwest,2
17153,Midwest,2
17155,Midwest,2
17157,Midwest,2
17159,Midwest,2
17161,Midwest,2
17163,Midwest,2
17165,Midwest,2
17167,Midwest,2
17169,Midwest,2
17171,Midwest,2
17173,Midwest,2
17175,Midwest,2
17177,Midwest,2
17179,Midwest,2
17181,Midwest,2
17183,Midwest,2
17185,Midwest,2
17187,Midwest,2
17189,Midwest,2
17191,Midwest,2
17193,Midwest,2
17195,Midwest,2
17197,Midwest,2
17199,Midwest,2
17201,Midwest,2
17203,Midwest,2
18001,Midwest,2
18003,Midwest,2
18005,Midwest,2
18007,Midwest,2
18011,Midwest,2
18015,Midwest,2
18017,Midwest,2
18019,Midwest,2
18021,Midwest,2
18023,Midwest,2
18025,Midwest,2
18027,Midwest,2
18029,Midwest,2
18031,Midwest,2
18033,Midwest,2
18035,Midwest,2
18037,Midwest,2
18039,Midwest,2
18043,Midwest,2
18045,Midwest,2
18047,Midwest,2
18049,Midwest,2
18051,Midwest,2
18053,Midwest,2
18055,Midwest,2
18057,Midwest,2
18061,Midwest,2
18063,Midwest,2
18065,Midwest,2
18067,Midwest,2
18071,Midwest,2
18073,Midwest,2
18075,Midwest,2
18077,Midwest,2
18079,Midwest,2
18081,Midwest,2
18083,Midwest,2
18085,Midwest,2
18087,Midwest,2
18089,Midwest,2
18091,Midwest,2
18093,Midwest,2
18095,Midwest,2
18097,Midwest,2
18099,Midwest,2
18101,Midwest,2
18103,Midwest,2
18105,Midwest,2
18107,Midwest,2
18109,Midwest,2
18111,Midwest,2
18113,Midwest,2
18115,Midwest,2
18117,Midwest,2
18119,Midwest,2
18121,Midwest,2
18123,Midwest,2
18125,Midwest,2
18127,Midwest,2
18129,Midwest,2
18131,Midwest,2
18133,Midwest,2
18135,Midwest,2
18137,Midwest,2
18139,Midwest,2
18141,Midwest,2
18143,Midwest,2
18145,Midwest,2
18147,Midwest,2
18149,Midwest,2
18151,Midwest,2
18153,Midwest,2
18155,Midwest,2
18157,Midwest,2
18159,Midwest,2
18161,Midwest,2
18163,Midwest,2
18165,Midwest,2
18167,Midwest,2
18169,Midwest,2
18171,Midwest,2
18173,Midwest,2
18175,Midwest,2
18177,Midwest,2
18179,Midwest,2
18181,Midwest,2
18183,Midwest,2
19001,Midwest,2
19003,Midwest,2
19005,Midwest,2
19007,Midwest,2
19011,Midwest,2
19013,Midwest,2
19015,Midwest,2
19017,Midwest,2
19019,Midwest,2
19021,Midwest,2
19023,Midwest,2
19025,Midwest,2
19027,Midwest,2
19029,Midwest,2
19031,Midwest,2
19033,Midwest,2
19035,Midwest,2
19037,Midwest,2
19039,Midwest,2
19041,Midwest,2
19043,Midwest,2
19045,Midwest,2
19047,Midwest,2
19049,Midwest,2
19051,Midwest,2
19053,Midwest,2
19055,Midwest,2
19057,Midwest,2
19059,Midwest,2
19061,Midwest,2
19063,Midwest,2
19065,Midwest,2
19067,Midwest,2
19069,Midwest,2
19071,Midwest,2
19073,Midwest,2
19075,Midwest,2
19077,Midwest,2
19079,Midwest,2
19081,Midwest,2
19083,Midwest,2
19085,Midwest,2
19087,Midwest,2
19089,Midwest,2
19091,Midwest,2
19093,Midwest,2
19095,Midwest,2
19097,Midwest,2
19099,Midwest,2
19101,Midwest,2
19103,Midwest,2
19105,Midwest,2
19107,Midwest,2
19109,Midwest,2
19111,Midwest,2
19113,Midwest,2
19115,Midwest,2
19117,Midwest,2
19119,Midwest,2
19121,Midwest,2
19123,Midwest,2
19125,Midwest,2
19127,Midwest,2
19129,Midwest,2
19131,Midwest,2
19133,Midwest,2
19135,Midwest,2
19137,Midwest,2
19139,Midwest,2
19141,Midwest,2
19143,Midwest,2
19145,Midwest,2
19147,Midwest,2
19149,Midwest,2
19151,Midwest,2
19153,Midwest,2
19155,Midwest,2
19157,Midwest,2
19159,Midwest,2
19161,Midwest,2
19163,Midwest,2
19165,Midwest,2
19167,Midwest,2
19169,Midwest,2
19171,Midwest,2
19173,Midwest,2
19175,Midwest,2
19177,Midwest,2
19179,Midwest,2
19181,Midwest,2
19183,Midwest,2
19185,Midwest,2
19187,Midwest,2
19189,Midwest,2
19191,Midwest,2
19193,Midwest,2
19195,Midwest,2
19197,Midwest,2
20001,Midwest,2
20003,Midwest,2
20005,Midwest,2
20007,Midwest,2
20009,Midwest,2
20011,Midwest,2
20013,Midwest,2
20015,Midwest,2
20017,Midwest,2
20019,Midwest,2
20021,Midwest,2
20023,Midwest,2
20025,Midwest,2
20027,Midwest,2
20031,Midwest,2
20033,Midwest,2
20035,Midwest,2
20037,Midwest,2
20039,Midwest,2
20041,Midwest,2
20043,Midwest,2
20045,Midwest,2
20047,Midwest,2
20049,Midwest,2
20051,Midwest,2
20053,Midwest,2
20055,Midwest,2
20057,Midwest,2
20059,Midwest,2
20061,Midwest,2
20063,Midwest,2
20065,Midwest,2
20069,Midwest,2
20071,Midwest,2
20073,Midwest,2
20077,Midwest,2
20079,Midwest,2
20081,Midwest,2
20083,Midwest,2
20085,Midwest,2
20087,Midwest,2
20089,Midwest,2
20091,Midwest,2
20093,Midwest,2
20095,Midwest,2
20097,Midwest,2
20099,Midwest,2
20101,Midwest,2
20103,Midwest,2
20105,Midwest,2
20107,Midwest,2
20111,Midwest,2
20113,Midwest,2
20115,Midwest,2
20117,Midwest,2
20119,Midwest,2
20121,Midwest,2
20123,Midwest,2
20125,Midwest,2
20127,Midwest,2
20129,Midwest,2
20131,Midwest,2
20133,Midwest,2
20135,Midwest,2
20137,Midwest,2
20139,Midwest,2
20141,Midwest,2
20143,Midwest,2
20145,Midwest,2
20147,Midwest,2
20149,Midwest,2
20151,Midwest,2
20153,Midwest,2
20155,Midwest,2
20157,Midwest,2
20159,Midwest,2
20161,Midwest,2
20163,Midwest,2
20165,Midwest,2
20167,Midwest,2
20169,Midwest,2
20171,Midwest,2
20173,Midwest,2
20175,Midwest,2
20177,Midwest,2
20179,Midwest,2
20181,Midwest,2
20183,Midwest,2
20185,Midwest,2
20187,Midwest,2
20189,Midwest,2
20191,Midwest,2
20193,Midwest,2
20195,Midwest,2
20197,Midwest,2
20199,Midwest,2
20201,Midwest,2
20203,Midwest,2
20205,Midwest,2
20207,Midwest,2
20209,Midwest,2
21001,South,3
21003,South,3
21007,South,3
21009,South,3
21011,South,3
21013,South,3
21015,South,3
21017,South,3
21025,South,3
21027,South,3
21029,South,3
21031,South,3
21035,South,3
21037,South,3
21039,South,3
21041,South,3
21043,South,3
21045,South,3
21047,South,3
21051,South,3
21059,South,3
21061,South,3
21063,South,3
21067,South,3
21069,South,3
21071,South,3
21073,South,3
21075,South,3
21077,South,3
21081,South,3
21083,South,3
21085,South,3
21089,South,3
21091,South,3
21093,South,3
21095,South,3
21099,South,3
21101,South,3
21103,South,3
21105,South,3
21107,South,3
21109,South,3
21111,South,3
21113,South,3
21115,South,3
21117,South,3
21119,South,3
21121,South,3
21123,South,3
21125,South,3
21127,South,3
21129,South,3
21131,South,3
21133,South,3
21135,South,3
21137,South,3
21139,South,3
21143,South,3
21145,South,3
21147,South,3
21149,South,3
21151,South,3
21153,South,3
21155,South,3
21157,South,3
21159,South,3
21161,South,3
21163,South,3
21165,South,3
21167,South,3
21169,South,3
21171,South,3
21173,South,3
21175,South,3
21177,South,3
21179,South,3
21181,South,3
21183,South,3
21185,South,3
21187,South,3
21189,South,3
21191,South,3
21193,South,3
21195,South,3
21197,South,3
21199,South,3
21201,South,3
21203,South,3
21205,South,3
21207,South,3
21209,South,3
21211,South,3
21213,South,3
21215,South,3
21217,South,3
21219,South,3
21221,South,3
21223,South,3
21225,South,3
21227,South,3
21229,South,3
21231,South,3
21233,South,3
21235,South,3
21237,South,3
21239,South,3
22001,South,3
22003,South,3
22005,South,3
22007,South,3
22009,South,3
22011,South,3
22013,South,3
22015,South,3
22017,South,3
22019,South,3
22023,South,3
22025,South,3
22027,South,3
22029,South,3
22031,South,3
22033,South,3
22035,South,3
22037,South,3
22039,South,3
22041,South,3
22043,South,3
22045,South,3
22047,South,3
22049,South,3
22051,South,3
22053,South,3
22055,South,3
22057,South,3
22059,South,3
22061,South,3
22063,South,3
22067,South,3
22069,South,3
22071,South,3
22073,South,3
22075,South,3
22077,South,3
22079,South,3
22081,South,3
22083,South,3
22085,South,3
22087,South,3
22089,South,3
22091,South,3
22093,South,3
22095,South,3
22097,South,3
22099,South,3
22101,South,3
22103,South,3
22105,South,3
22107,South,3
22109,South,3
22111,South,3
22113,South,3
22115,South,3
22117,South,3
22119,South,3
22121,South,3
22123,South,3
22125,South,3
22127,South,3
23001,Northeast,1
23003,Northeast,1
23005,Northeast,1
23007,Northeast,1
23009,Northeast,1
23011,Northeast,1
23013,Northeast,1
23015,Northeast,1
23017,Northeast,1
23019,Northeast,1
23021,Northeast,1
23023,Northeast,1
23025,Northeast,1
23027,Northeast,1
23029,Northeast,1
23031,Northeast,1
24001,South,3
24003,South,3
24005,South,3
24009,South,3
24011,South,3
24013,South,3
24015,South,3
24017,South,3
24019,South,3
24021,South,3
24023,South,3
24025,South,3
24027,South,3
24029,South,3
24031,South,3
24033,South,3
24035,South,3
24037,South,3
24039,South,3
24041,South,3
24043,South,3
24045,South,3
24047,South,3
24510,South,3
25001,Northeast,1
25003,Northeast,1
25005,Northeast,1
25007,Northeast,1
25009,Northeast,1
25011,Northeast,1
25013,Northeast,1
25015,Northeast,1
25017,Northeast,1
25019,Northeast,1
25021,Northeast,1
25023,Northeast,1
25025,Northeast,1
25027,Northeast,1
26001,Midwest,2
26003,Midwest,2
26005,Midwest,2
26007,Midwest,2
26009,Midwest,2
26011,Midwest,2
26013,Midwest,2
26015,Midwest,2
26017,Midwest,2
26019,Midwest,2
26021,Midwest,2
26023,Midwest,2
26025,Midwest,2
26027,Midwest,2
26029,Midwest,2
26031,Midwest,2
26033,Midwest,2
26035,Midwest,2
26037,Midwest,2
26041,Midwest,2
26043,Midwest,2
26045,Midwest,2
26047,Midwest,2
26049,Midwest,2
26051,Midwest,2
26053,Midwest,2
26055,Midwest,2
26057,Midwest,2
26059,Midwest,2
26061,Midwest,2
26063,Midwest,2
26065,Midwest,2
26067,Midwest,2
26069,Midwest,2
26071,Midwest,2
26073,Midwest,2
26075,Midwest,2
26077,Midwest,2
26079,Midwest,2
26081,Midwest,2
26083,Midwest,2
26085,Midwest,2
26087,Midwest,2
26089,Midwest,2
26091,Midwest,2
26093,Midwest,2
26095,Midwest,2
26097,Midwest,2
26099,Midwest,2
26101,Midwest,2
26103,Midwest,2
26105,Midwest,2
26107,Midwest,2
26109,Midwest,2
26111,Midwest,2
26113,Midwest,2
26115,Midwest,2
26117,Midwest,2
26119,Midwest,2
26121,Midwest,2
26123,Midwest,2
26125,Midwest,2
26127,Midwest,2
26129,Midwest,2
26131,Midwest,2
26133,Midwest,2
26135,Midwest,2
26137,Midwest,2
26139,Midwest,2
26141,Midwest,2
26143,Midwest,2
26145,Midwest,2
26147,Midwest,2
26149,Midwest,2
26151,Midwest,2
26153,Midwest,2
26155,Midwest,2
26157,Midwest,2
26159,Midwest,2
26161,Midwest,2
26163,Midwest,2
26165,Midwest,2
27001,Midwest,2
27003,Midwest,2
27005,Midwest,2
27007,Midwest,2
27011,Midwest,2
27013,Midwest,2
27017,Midwest,2
27019,Midwest,2
27021,Midwest,2
27023,Midwest,2
27025,Midwest,2
27027,Midwest,2
27029,Midwest,2
27031,Midwest,2
27033,Midwest,2
27035,Midwest,2
27037,Midwest,2
27039,Midwest,2
27041,Midwest,2
27043,Midwest,2
27045,Midwest,2
27047,Midwest,2
27049,Midwest,2
27051,Midwest,2
27053,Midwest,2
27055,Midwest,2
27057,Midwest,2
27059,Midwest,2
27061,Midwest,2
27063,Midwest,2
27067,Midwest,2
27069,Midwest,2
27071,Midwest,2
27073,Midwest,2
27075,Midwest,2
27077,Midwest,2
27079,Midwest,2
27081,Midwest,2
27083,Midwest,2
27085,Midwest,2
27087,Midwest,2
27089,Midwest,2
27091,Midwest,2
27093,Midwest,2
27095,Midwest,2
27097,Midwest,2
27099,Midwest,2
27101,Midwest,2
27103,Midwest,2
27105,Midwest,2
27107,Midwest,2
27109,Midwest,2
27111,Midwest,2
27113,Midwest,2
27115,Midwest,2
27117,Midwest,2
27119,Midwest,2
27121,Midwest,2
27123,Midwest,2
27125,Midwest,2
27127,Midwest,2
27129,Midwest,2
27131,Midwest,2
27133,Midwest,2
27135,Midwest,2
27137,Midwest,2
27139,Midwest,2
27141,Midwest,2
27143,Midwest,2
27145,Midwest,2
27147,Midwest,2
27149,Midwest,2
27151,Midwest,2
27153,Midwest,2
27155,Midwest,2
27157,Midwest,2
27159,Midwest,2
27161,Midwest,2
27163,Midwest,2
27165,Midwest,2
27167,Midwest,2
27169,Midwest,2
27171,Midwest,2
27173,Midwest,2
28003,South,3
28005,South,3
28007,South,3
28009,South,3
28011,South,3
28013,South,3
28015,South,3
28017,South,3
28019,South,3
28021,South,3
28023,South,3
28025,South,3
28027,South,3
28029,South,3
28031,South,3
28033,South,3
28037,South,3
28041,South,3
28043,South,3
28045,South,3
28047,South,3
28049,South,3
28051,South,3
28053,South,3
28055,South,3
28057,South,3
28059,South,3
28061,South,3
28063,South,3
28065,South,3
28067,South,3
28069,South,3
28071,South,3
28073,South,3
28075,South,3
28077,South,3
28079,South,3
28081,South,3
28083,South,3
28085,South,3
28087,South,3
28089,South,3
28091,South,3
28093,South,3
28095,South,3
28097,South,3
28099,South,3
28101,South,3
28103,South,3
28105,South,3
28107,South,3
28109,South,3
28111,South,3
28113,South,3
28115,South,3
28117,South,3
28119,South,3
28121,South,3
28123,South,3
28125,South,3
28127,South,3
28129,South,3
28131,South,3
28133,South,3
28135,South,3
28137,South,3
28139,South,3
28141,South,3
28143,South,3
28145,South,3
28147,South,3
28149,South,3
28151,South,3
28153,South,3
28155,South,3
28157,South,3
28159,South,3
28161,South,3
28163,South,3
29001,Midwest,2
29003,Midwest,2
29005,Midwest,2
29007,Midwest,2
29009,Midwest,2
29011,Midwest,2
29013,Midwest,2
29015,Midwest,2
29017,Midwest,2
29019,Midwest,2
29021,Midwest,2
29023,Midwest,2
29025,Midwest,2
29027,Midwest,2
29029,Midwest,2
29031,Midwest,2
29033,Midwest,2
29035,Midwest,2
29037,Midwest,2
29041,Midwest,2
29043,Midwest,2
29045,Midwest,2
29047,Midwest,2
29049,Midwest,2
29051,Midwest,2
29053,Midwest,2
29055,Midwest,2
29057,Midwest,2
29059,Midwest,2
29061,Midwest,2
29063,Midwest,2
29065,Midwest,2
29067,Midwest,2
29069,Midwest,2
29071,Midwest,2
29073,Midwest,2
29075,Midwest,2
29077,Midwest,2
29079,Midwest,2
29081,Midwest,2
29083,Midwest,2
29085,Midwest,2
29087,Midwest,2
29089,Midwest,2
29091,Midwest,2
29093,Midwest,2
29095,Midwest,2
29097,Midwest,2
29099,Midwest,2
29101,Midwest,2
29103,Midwest,2
29105,Midwest,2
29107,Midwest,2
29109,Midwest,2
29111,Midwest,2
29113,Midwest,2
29115,Midwest,2
29117,Midwest,2
29119,Midwest,2
29121,Midwest,2
29123,Midwest,2
29125,Midwest,2
29127,Midwest,2
29129,Midwest,2
29131,Midwest,2
29133,Midwest,2
29135,Midwest,2
29137,Midwest,2
29139,Midwest,2
29141,Midwest,2
29143,Midwest,2
29145,Midwest,2
29147,Midwest,2
29149,Midwest,2
29151,Midwest,2
29153,Midwest,2
29155,Midwest,2
29157,Midwest,2
29159,Midwest,2
29161,Midwest,2
29163,Midwest,2
29165,Midwest,2
29167,Midwest,2
29169,Midwest,2
29171,Midwest,2
29173,Midwest,2
29175,Midwest,2
29177,Midwest,2
29179,Midwest,2
29181,Midwest,2
29183,Midwest,2
29185,Midwest,2
29186,Midwest,2
29187,Midwest,2
29189,Midwest,2
29195,Midwest,2
29197,Midwest,2
29199,Midwest,2
29201,Midwest,2
29203,Midwest,2
29205,Midwest,2
29207,Midwest,2
29209,Midwest,2
29211,Midwest,2
29213,Midwest,2
29215,Midwest,2
29217,Midwest,2
29219,Midwest,2
29221,Midwest,2
29223,Midwest,2
29225,Midwest,2
29227,Midwest,2
29229,Midwest,2
29510,Midwest,2
30001,West,4
30003,West,4
30005,West,4
30007,West,4
30009,West,4
30011,West,4
30013,West,4
30015,West,4
30017,West,4
30019,West,4
30021,West,4
30025,West,4
30027,West,4
30029,West,4
30031,West,4
30033,West,4
30035,West,4
30039,West,4
30041,West,4
30043,West,4
30045,West,4
30047,West,4
30049,West,4
30051,West,4
30053,West,4
30055,West,4
30057,West,4
30059,West,4
30061,West,4
30063,West,4
30065,West,4
30067,West,4
30069,West,4
30071,West,4
30073,West,4
30075,West,4
30077,West,4
30079,West,4
30081,West,4
30083,West,4
30085,West,4
30087,West,4
30089,West,4
30091,West,4
30093,West,4
30095,West,4
30097,West,4
30099,West,4
30101,West,4
30103,West,4
30105,West,4
30107,West,4
30109,West,4
30111,West,4
31001,Midwest,2
31003,Midwest,2
31007,Midwest,2
31009,Midwest,2
31011,Midwest,2
31015,Midwest,2
31017,Midwest,2
31019,Midwest,2
31021,Midwest,2
31023,Midwest,2
31025,Midwest,2
31027,Midwest,2
31029,Midwest,2
31031,Midwest,2
31033,Midwest,2
31035,Midwest,2
31037,Midwest,2
31039,Midwest,2
31041,Midwest,2
31043,Midwest,2
31045,Midwest,2
31047,Midwest,2
31051,Midwest,2
31053,Midwest,2
31055,Midwest,2
31057,Midwest,2
31059,Midwest,2
31061,Midwest,2
31065,Midwest,2
31067,Midwest,2
31069,Midwest,2
31073,Midwest,2
31075,Midwest,2
31077,Midwest,2
31079,Midwest,2
31081,Midwest,2
31083,Midwest,2
31085,Midwest,2
31087,Midwest,2
31089,Midwest,2
31091,Midwest,2
31093,Midwest,2
31095,Midwest,2
31097,Midwest,2
31099,Midwest,2
31101,Midwest,2
31103,Midwest,2
31105,Midwest,2
31107,Midwest,2
31109,Midwest,2
31111,Midwest,2
31113,Midwest,2
31115,Midwest,2
31117,Midwest,2
31119,Midwest,2
31121,Midwest,2
31123,Midwest,2
31125,Midwest,2
31127,Midwest,2
31129,Midwest,2
31131,Midwest,2
31133,Midwest,2
31135,Midwest,2
31137,Midwest,2
31139,Midwest,2
31141,Midwest,2
31143,Midwest,2
31145,Midwest,2
31147,Midwest,2
31149,Midwest,2
31151,Midwest,2
31153,Midwest,2
31155,Midwest,2
31157,Midwest,2
31159,Midwest,2
31161,Midwest,2
31163,Midwest,2
31165,Midwest,2
31167,Midwest,2
31169,Midwest,2
31171,Midwest,2
31173,Midwest,2
31175,Midwest,2
31177,Midwest,2
31179,Midwest,2
31181,Midwest,2
31183,Midwest,2
31185,Midwest,2
32003,West,4
32005,West,4
32007,West,4
32009,West,4
32011,West,4
32013,West,4
32015,West,4
32017,West,4
32019,West,4
32021,West,4
32023,West,4
32027,West,4
32029,West,4
32031,West,4
32033,West,4
32510,West,4
33001,Northeast,1
33003,Northeast,1
33005,Northeast,1
33007,Northeast,1
33009,Northeast,1
33011,Northeast,1
33013,Northeast,1
33015,Northeast,1
33017,Northeast,1
33019,Northeast,1
34001,Northeast,1
34003,Northeast,1
34005,Northeast,1
34007,Northeast,1
34009,Northeast,1
34011,Northeast,1
34013,Northeast,1
34015,Northeast,1
34017,Northeast,1
34019,Northeast,1
34021,Northeast,1
34023,Northeast,1
34025,Northeast,1
34027,Northeast,1
34029,Northeast,1
34031,Northeast,1
34033,Northeast,1
34035,Northeast,1
34037,Northeast,1
34039,Northeast,1
34041,Northeast,1
35001,West,4
35003,West,4
35005,West,4
35006,West,4
35007,West,4
35009,West,4
35011,West,4
35013,West,4
35015,West,4
35017,West,4
35019,West,4
35021,West,4
35023,West,4
35025,West,4
35027,West,4
35029,West,4
35031,West,4
35033,West,4
35035,West,4
35037,West,4
35039,West,4
35041,West,4
35043,West,4
35045,West,4
35047,West,4
35049,West,4
35051,West,4
35053,West,4
35055,West,4
35057,West,4
35059,West,4
35061,West,4
36001,Northeast,1
36003,Northeast,1
36005,Northeast,1
36007,Northeast,1
36009,Northeast,1
36011,Northeast,1
36013,Northeast,1
36015,Northeast,1
36017,Northeast,1
36019,Northeast,1
36021,Northeast,1
36023,Northeast,1
36025,Northeast,1
36027,Northeast,1
36029,Northeast,1
36031,Northeast,1
36033,Northeast,1
36035,Northeast,1
36037,Northeast,1
36039,Northeast,1
36041,Northeast,1
36043,Northeast,1
36045,Northeast,1
36047,Northeast,1
36049,Northeast,1
36051,Northeast,1
36053,Northeast,1
36055,Northeast,1
36057,Northeast,1
36059,Northeast,1
36061,Northeast,1
36063,Northeast,1
36065,Northeast,1
36067,Northeast,1
36069,Northeast,1
36071,Northeast,1
36073,Northeast,1
36075,Northeast,1
36077,Northeast,1
36079,Northeast,1
36081,Northeast,1
36083,Northeast,1
36085,Northeast,1
36087,Northeast,1
36089,Northeast,1
36091,Northeast,1
36093,Northeast,1
36095,Northeast,1
36097,Northeast,1
36099,Northeast,1
36101,Northeast,1
36103,Northeast,1
36105,Northeast,1
36107,Northeast,1
36109,Northeast,1
36111,Northeast,1
36113,Northeast,1
36115,Northeast,1
36117,Northeast,1
36119,Northeast,1
36121,Northeast,1
36123,Northeast,1
37001,South,3
37005,South,3
37007,South,3
37009,South,3
37011,South,3
37013,South,3
37015,South,3
37017,South,3
37019,South,3
37021,South,3
37023,South,3
37025,South,3
37027,South,3
37029,South,3
37031,South,3
37033,South,3
37035,South,3
37037,South,3
37039,South,3
37043,South,3
37045,South,3
37047,South,3
37049,South,3
37051,South,3
37053,South,3
37055,South,3
37057,South,3
37059,South,3
37061,South,3
37063,South,3
37065,South,3
37067,South,3
37069,South,3
37071,South,3
37073,South,3
37077,South,3
37079,South,3
37081,South,3
37083,South,3
37085,South,3
37087,South,3
37089,South,3
37091,South,3
37093,South,3
37095,South,3
37097,South,3
37099,South,3
37101,South,3
37103,South,3
37105,South,3
37107,South,3
37109,South,3
37111,South,3
37113,South,3
37115,South,3
37117,South,3
37119,South,3
37121,South,3
37125,South,3
37127,South,3
37129,South,3
37131,South,3
37133,South,3
37135,South,3
37137,South,3
37139,South,3
37141,South,3
37143,South,3
37145,South,3
37147,South,3
37149,South,3
37151,South,3
37153,South,3
37155,South,3
37157,South,3
37159,South,3
37161,South,3
37163,South,3
37165,South,3
37167,South,3
37169,South,3
37171,South,3
37173,South,3
37175,South,3
37177,South,3
37179,South,3
37181,South,3
37183,South,3
37185,South,3
37187,South,3
37189,South,3
37191,South,3
37193,South,3
37195,South,3
37197,South,3
37199,South,3
38001,Midwest,2
38003,Midwest,2
38005,Midwest,2
38009,Midwest,2
38013,Midwest,2
38015,Midwest,2
38017,Midwest,2
38019,Midwest,2
38021,Midwest,2
38023,Midwest,2
38025,Midwest,2
38027,Midwest,2
38029,Midwest,2
38033,Midwest,2
38035,Midwest,2
38037,Midwest,2
38039,Midwest,2
38041,Midwest,2
38043,Midwest,2
38045,Midwest,2
38047,Midwest,2
38049,Midwest,2
38051,Midwest,2
38053,Midwest,2
38055,Midwest,2
38057,Midwest,2
38059,Midwest,2
38061,Midwest,2
38063,Midwest,2
38065,Midwest,2
38067,Midwest,2
38069,Midwest,2
38071,Midwest,2
38073,Midwest,2
38075,Midwest,2
38077,Midwest,2
38079,Midwest,2
38081,Midwest,2
38083,Midwest,2
38085,Midwest,2
38087,Midwest,2
38089,Midwest,2
38091,Midwest,2
38093,Midwest,2
38095,Midwest,2
38097,Midwest,2
38099,Midwest,2
38101,Midwest,2
38103,Midwest,2
38105,Midwest,2
39001,Midwest,2
39003,Midwest,2
39005,Midwest,2
39007,Midwest,2
39009,Midwest,2
39011,Midwest,2
39013,Midwest,2
39015,Midwest,2
39017,Midwest,2
39019,Midwest,2
39021,Midwest,2
39023,Midwest,2
39025,Midwest,2
39027,Midwest,2
39029,Midwest,2
39031,Midwest,2
39033,Midwest,2
39035,Midwest,2
39037,Midwest,2
39039,Midwest,2
39041,Midwest,2
39043,Midwest,2
39045,Midwest,2
39047,Midwest,2
39049,Midwest,2
39051,Midwest,2
39053,Midwest,2
39055,Midwest,2
39057,Midwest,2
39059,Midwest,2
39061,Midwest,2
39063,Midwest,2
39065,Midwest,2
39067,Midwest,2
39069,Midwest,2
39071,Midwest,2
39073,Midwest,2
39075,Midwest,2
39077,Midwest,2
39079,Midwest,2
39081,Midwest,2
39083,Midwest,2
39085,Midwest,2
39087,Midwest,2
39089,Midwest,2
39091,Midwest,2
39093,Midwest,2
39095,Midwest,2
39097,Midwest,2
39099,Midwest,2
39101,Midwest,2
39103,Midwest,2
39105,Midwest,2
39107,Midwest,2
39109,Midwest,2
39111,Midwest,2
39113,Midwest,2
39115,Midwest,2
39117,Midwest,2
39119,Midwest,2
39121,Midwest,2
39123,Midwest,2
39125,Midwest,2
39127,Midwest,2
39129,Midwest,2
39131,Midwest,2
39133,Midwest,2
39135,Midwest,2
39137,Midwest,2
39139,Midwest,2
39141,Midwest,2
39143,Midwest,2
39145,Midwest,2
39147,Midwest,2
39149,Midwest,2
39151,Midwest,2
39153,Midwest,2
39155,Midwest,2
39157,Midwest,2
39159,Midwest,2
39161,Midwest,2
39163,Midwest,2
39165,Midwest,2
39167,Midwest,2
39169,Midwest,2
39171,Midwest,2
39173,Midwest,2
39175,Midwest,2
40001,South,3
40003,South,3
40005,South,3
40007,South,3
40009,South,3
40011,South,3
40013,South,3
40015,South,3
40017,South,3
40019,South,3
40021,South,3
40023,South,3
40025,South,3
40027,South,3
40029,South,3
40031,South,3
40033,South,3
40035,South,3
40037,South,3
40039,South,3
40041,South,3
40043,South,3
40045,South,3
40047,South,3
40049,South,3
40051,South,3
40053,South,3
40055,South,3
40057,South,3
40059,South,3
40061,South,3
40063,South,3
40065,South,3
40067,South,3
40069,South,3
40071,South,3
40073,South,3
40075,South,3
40077,South,3
40079,South,3
40081,South,3
40083,South,3
40085,South,3
40087,South,3
40089,South,3
40091,South,3
40093,South,3
40095,South,3
40097,South,3
40099,South,3
40101,South,3
40103,South,3
40105,South,3
40107,South,3
40109,South,3
40111,South,3
40113,South,3
40115,South,3
40117,South,3
40119,South,3
40121,South,3
40123,South,3
40125,South,3
40127,South,3
40129,South,3
40131,South,3
40133,South,3
40135,South,3
40137,South,3
40139,South,3
40141,South,3
40143,South,3
40145,South,3
40147,South,3
40149,South,3
40151,South,3
40153,South,3
41001,West,4
41003,West,4
41005,West,4
41007,West,4
41009,West,4
41011,West,4
41013,West,4
41015,West,4
41017,West,4
41019,West,4
41021,West,4
41023,West,4
41025,West,4
41027,West,4
41029,West,4
41031,West,4
41033,West,4
41035,West,4
41037,West,4
41039,West,4
41041,West,4
41043,West,4
41045,West,4
41047,West,4
41049,West,4
41051,West,4
41053,West,4
41055,West,4
41057,West,4
41059,West,4
41061,West,4
41063,West,4
41065,West,4
41067,West,4
41069,West,4
41071,West,4
42001,Northeast,1
42003,Northeast,1
42005,Northeast,1
42007,Northeast,1
42009,Northeast,1
42011,Northeast,1
42013,Northeast,1
42015,Northeast,1
42017,Northeast,1
42019,Northeast,1
42021,Northeast,1
42025,Northeast,1
42027,Northeast,1
42029,Northeast,1
42031,Northeast,1
42033,Northeast,1
42035,Northeast,1
42037,Northeast,1
42039,Northeast,1
42041,Northeast,1
42043,Northeast,1
42045,Northeast,1
42047,Northeast,1
42049,Northeast,1
42051,Northeast,1
42053,Northeast,1
42055,Northeast,1
42057,Northeast,1
42059,Northeast,1
42061,Northeast,1
42063,Northeast,1
42065,Northeast,1
42067,Northeast,1
42069,Northeast,1
42071,Northeast,1
42073,Northeast,1
42075,Northeast,1
42077,Northeast,1
42079,Northeast,1
42081,Northeast,1
42083,Northeast,1
42085,Northeast,1
42087,Northeast,1
42089,Northeast,1
42091,Northeast,1
42093,Northeast,1
42095,Northeast,1
42097,Northeast,1
42099,Northeast,1
42101,Northeast,1
42103,Northeast,1
42105,Northeast,1
42107,Northeast,1
42109,Northeast,1
42111,Northeast,1
42113,Northeast,1
42115,Northeast,1
42117,Northeast,1
42119,Northeast,1
42121,Northeast,1
42123,Northeast,1
42125,Northeast,1
42127,Northeast,1
42129,Northeast,1
42131,Northeast,1
42133,Northeast,1
44001,Northeast,1
44003,Northeast,1
44005,Northeast,1
44007,Northeast,1
44009,Northeast,1
45001,South,3
45003,South,3
45005,South,3
45007,South,3
45009,South,3
45011,South,3
45013,South,3
45015,South,3
45019,South,3
45021,South,3
45023,South,3
45025,South,3
45027,South,3
45029,South,3
45031,South,3
45033,South,3
45035,South,3
45037,South,3
45039,South,3
45041,South,3
45043,South,3
45045,South,3
45047,South,3
45049,South,3
45051,South,3
45053,South,3
45055,South,3
45057,South,3
45059,South,3
45061,South,3
45063,South,3
45065,South,3
45067,South,3
45069,South,3
45071,South,3
45073,South,3
45075,South,3
45077,South,3
45079,South,3
45081,South,3
45083,South,3
45085,South,3
45087,South,3
45089,South,3
45091,South,3
46003,Midwest,2
46005,Midwest,2
46007,Midwest,2
46009,Midwest,2
46011,Midwest,2
46013,Midwest,2
46015,Midwest,2
46017,Midwest,2
46019,Midwest,2
46021,Midwest,2
46023,Midwest,2
46025,Midwest,2
46027,Midwest,2
46031,Midwest,2
46037,Midwest,2
46039,Midwest,2
46041,Midwest,2
46043,Midwest,2
46045,Midwest,2
46047,Midwest,2
46049,Midwest,2
46051,Midwest,2
46053,Midwest,2
46055,Midwest,2
46057,Midwest,2
46059,Midwest,2
46061,Midwest,2
46063,Midwest,2
46067,Midwest,2
46069,Midwest,2
46071,Midwest,2
46073,Midwest,2
46075,Midwest,2
46077,Midwest,2
46079,Midwest,2
46081,Midwest,2
46083,Midwest,2
46085,Midwest,2
46087,Midwest,2
46089,Midwest,2
46091,Midwest,2
46093,Midwest,2
46095,Midwest,2
46097,Midwest,2
46099,Midwest,2
46101,Midwest,2
46103,Midwest,2
46105,Midwest,2
46109,Midwest,2
46111,Midwest,2
46115,Midwest,2
46117,Midwest,2
46119,Midwest,2
46121,Midwest,2
46123,Midwest,2
46125,Midwest,2
46127,Midwest,2
46129,Midwest,2
46135,Midwest,2
46137,Midwest,2
47001,South,3
47005,South,3
47009,South,3
47011,South,3
47013,South,3
47017,South,3
47019,South,3
47023,South,3
47025,South,3
47027,South,3
47029,South,3
47031,South,3
47033,South,3
47035,South,3
47037,South,3
47039,South,3
47041,South,3
47043,South,3
47045,South,3
47047,South,3
47049,South,3
47051,South,3
47053,South,3
47055,South,3
47057,South,3
47059,South,3
47061,South,3
47063,South,3
47065,South,3
47067,South,3
47069,South,3
47071,South,3
47073,South,3
47075,South,3
47077,South,3
47079,South,3
47081,South,3
47083,South,3
47085,South,3
47087,South,3
47089,South,3
47091,South,3
47093,South,3
47095,South,3
47097,South,3
47099,South,3
47101,South,3
47103,South,3
47105,South,3
47107,South,3
47109,South,3
47111,South,3
47113,South,3
47115,South,3
47117,South,3
47119,South,3
47121,South,3
47123,South,3
47125,South,3
47127,South,3
47129,South,3
47131,South,3
47133,South,3
47135,South,3
47137,South,3
47139,South,3
47141,South,3
47143,South,3
47145,South,3
47147,South,3
47149,South,3
47151,South,3
47153,South,3
47155,South,3
47157,South,3
47159,South,3
47161,South,3
47163,South,3
47165,South,3
47167,South,3
47169,South,3
47171,South,3
47173,South,3
47175,South,3
47177,South,3
47179,South,3
47181,South,3
47183,South,3
47185,South,3
47187,South,3
47189,South,3
48001,South,3
48003,South,3
48005,South,3
48007,South,3
48009,South,3
48013,South,3
48015,South,3
48019,South,3
48021,South,3
48025,South,3
48027,South,3
48029,South,3
48031,South,3
48033,South,3
48035,South,3
48037,South,3
48039,South,3
48041,South,3
48043,South,3
48045,South,3
48047,South,3
48049,South,3
48051,South,3
48053,South,3
48055,South,3
48057,South,3
48061,South,3
48067,South,3
48069,South,3
48071,South,3
48073,South,3
48077,South,3
48079,South,3
48081,South,3
48083,South,3
48085,South,3
48087,South,3
48089,South,3
48091,South,3
48093,South,3
48095,South,3
48097,South,3
48099,South,3
48103,South,3
48105,South,3
48107,South,3
48109,South,3
48111,South,3
48113,South,3
48115,South,3
48117,South,3
48119,South,3
48121,South,3
48123,South,3
48125,South,3
48127,South,3
48129,South,3
48131,South,3
48133,South,3
48135,South,3
48137,South,3
48139,South,3
48141,South,3
48143,South,3
48145,South,3
48147,South,3
48149,South,3
48151,South,3
48153,South,3
48157,South,3
48159,South,3
48161,South,3
48163,South,3
48165,South,3
48167,South,3
48171,South,3
48175,South,3
48177,South,3
48179,South,3
48181,South,3
48185,South,3
48187,South,3
48189,South,3
48191,South,3
48193,South,3
48195,South,3
48197,South,3
48199,South,3
48201,South,3
48203,South,3
48205,South,3
48207,South,3
48209,South,3
48213,South,3
48215,South,3
48217,South,3
48219,South,3
48221,South,3
48223,South,3
48225,South,3
48227,South,3
48229,South,3
48231,South,3
48233,South,3
48235,South,3
48237,South,3
48239,South,3
48241,South,3
48243,South,3
48245,South,3
48249,South,3
48251,South,3
48253,South,3
48255,South,3
48257,South,3
48259,South,3
48261,South,3
48263,South,3
48265,South,3
48267,South,3
48269,South,3
48271,South,3
48273,South,3
48275,South,3
48277,South,3
48279,South,3
48281,South,3
48283,South,3
48285,South,3
48287,South,3
48289,South,3
48291,South,3
48293,South,3
48295,South,3
48297,South,3
48299,South,3
48303,South,3
48305,South,3
48307,South,3
48309,South,3
48311,South,3
48313,South,3
48315,South,3
48317,South,3
48319,South,3
48321,South,3
48323,South,3
48325,South,3
48327,South,3
48329,South,3
48331,South,3
48333,South,3
48335,South,3
48337,South,3
48339,South,3
48341,South,3
48343,South,3
48345,South,3
48347,South,3
48349,South,3
48351,South,3
48353,South,3
48355,South,3
48359,South,3
48361,South,3
48363,South,3
48365,South,3
48367,South,3
48369,South,3
48371,South,3
48373,South,3
48375,South,3
48377,South,3
48379,South,3
48381,South,3
48383,South,3
48385,South,3
48387,South,3
48389,South,3
48391,South,3
48393,South,3
48395,South,3
48397,South,3
48399,South,3
48401,South,3
48403,South,3
48405,South,3
48407,South,3
48409,South,3
48411,South,3
48413,South,3
48415,South,3
48417,South,3
48419,South,3
48421,South,3
48423,South,3
48425,South,3
48427,South,3
48429,South,3
48431,South,3
48433,South,3
48435,South,3
48437,South,3
48439,South,3
48441,South,3
48443,South,3
48445,South,3
48447,South,3
48449,South,3
48451,South,3
48453,South,3
48455,South,3
48457,South,3
48459,South,3
48461,South,3
48463,South,3
48465,South,3
48467,South,3
48469,South,3
48471,South,3
48473,South,3
48475,South,3
48477,South,3
48479,South,3
48481,South,3
48483,South,3
48485,South,3
48487,South,3
48489,South,3
48491,South,3
48493,South,3
48495,South,3
48497,South,3
48499,South,3
48501,South,3
48503,South,3
48505,South,3
48507,South,3
49001,West,4
49003,West,4
49005,West,4
49007,West,4
49009,West,4
49011,West,4
49013,West,4
49015,West,4
49017,West,4
49019,West,4
49021,West,4
49023,West,4
49025,West,4
49027,West,4
49029,West,4
49031,West,4
49033,West,4
49035,West,4
49037,West,4
49039,West,4
49041,West,4
49043,West,4
49045,West,4
49047,West,4
49049,West,4
49051,West,4
49053,West,4
49055,West,4
49057,West,4
50001,Northeast,1
50003,Northeast,1
50005,Northeast,1
50007,Northeast,1
50009,Northeast,1
50011,Northeast,1
50013,Northeast,1
50015,Northeast,1
50017,Northeast,1
50019,Northeast,1
50021,Northeast,1
50023,Northeast,1
50025,Northeast,1
50027,Northeast,1
51001,South,3
51003,South,3
51005,South,3
51009,South,3
51011,South,3
51013,South,3
51015,South,3
51017,South,3
51019,South,3
51021,South,3
51023,South,3
51025,South,3
51027,South,3
51029,South,3
51031,South,3
51033,South,3
51035,South,3
51037,South,3
51041,South,3
51043,South,3
51045,South,3
51047,South,3
51049,South,3
51051,South,3
51053,South,3
51057,South,3
51059,South,3
51061,South,3
51063,South,3
51065,South,3
51067,South,3
51069,South,3
51071,South,3
51073,South,3
51075,South,3
51077,South,3
51079,South,3
51081,South,3
51083,South,3
51085,South,3
51087,South,3
51089,South,3
51091,South,3
51093,South,3
51095,South,3
51097,South,3
51099,South,3
51101,South,3
51103,South,3
51105,South,3
51107,South,3
51109,South,3
51111,South,3
51113,South,3
51115,South,3
51117,South,3
51119,South,3
51121,South,3
51125,South,3
51127,South,3
51131,South,3
51133,South,3
51135,South,3
51137,South,3
51139,South,3
51141,South,3
51143,South,3
51145,South,3
51147,South,3
51149,South,3
51153,South,3
51155,South,3
51157,South,3
51159,South,3
51161,South,3
51163,South,3
51165,South,3
51167,South,3
51169,South,3
51171,South,3
51173,South,3
51175,South,3
51177,South,3
51179,South,3
51181,South,3
51183,South,3
51185,South,3
51187,South,3
51191,South,3
51193,South,3
51195,South,3
51197,South,3
51199,South,3
51510,South,3
51520,South,3
51530,South,3
51540,South,3
51550,South,3
51570,South,3
51580,South,3
51590,South,3
51595,South,3
51600,South,3
51610,South,3
51620,South,3
51630,South,3
51640,South,3
51650,South,3
51660,South,3
51670,South,3
51678,South,3
51680,South,3
51685,South,3
51690,South,3
51700,South,3
51710,South,3
51720,South,3
51730,South,3
51735,South,3
51740,South,3
51750,South,3
51760,South,3
51770,South,3
51775,South,3
51790,South,3
51800,South,3
51810,South,3
51820,South,3
51830,South,3
51840,South,3
53001,West,4
53003,West,4
53005,West,4
53007,West,4
53009,West,4
53011,West,4
53015,West,4
53017,West,4
53019,West,4
53021,West,4
53023,West,4
53025,West,4
53027,West,4
53029,West,4
53031,West,4
53033,West,4
53035,West,4
53037,West,4
53039,West,4
53041,West,4
53043,West,4
53045,West,4
53047,West,4
53049,West,4
53051,West,4
53053,West,4
53055,West,4
53057,West,4
53059,West,4
53061,West,4
53063,West,4
53065,West,4
53067,West,4
53069,West,4
53071,West,4
53073,West,4
53075,West,4
53077,West,4
54001,South,3
54003,South,3
54005,South,3
54007,South,3
54009,South,3
54011,South,3
54013,South,3
54015,South,3
54019,South,3
54021,South,3
54023,South,3
54025,South,3
54027,South,3
54029,South,3
54031,South,3
54033,South,3
54035,South,3
54037,South,3
54039,South,3
54041,South,3
54043,South,3
54045,South,3
54047,South,3
54049,South,3
54051,South,3
54053,South,3
54055,South,3
54057,South,3
54059,South,3
54061,South,3
54063,South,3
54065,South,3
54067,South,3
54069,South,3
54071,South,3
54073,South,3
54075,South,3
54077,South,3
54079,South,3
54081,South,3
54083,South,3
54085,South,3
54087,South,3
54089,South,3
54091,South,3
54093,South,3
54095,South,3
54097,South,3
54099,South,3
54101,South,3
54103,South,3
54105,South,3
54107,South,3
54109,South,3
55001,Midwest,2
55003,Midwest,2
55005,Midwest,2
55007,Midwest,2
55009,Midwest,2
55011,Midwest,2
55013,Midwest,2
55015,Midwest,2
55017,Midwest,2
55019,Midwest,2
55021,Midwest,2
55023,Midwest,2
55025,Midwest,2
55027,Midwest,2
55029,Midwest,2
55031,Midwest,2
55033,Midwest,2
55035,Midwest,2
55037,Midwest,2
55039,Midwest,2
55041,Midwest,2
55043,Midwest,2
55045,Midwest,2
55047,Midwest,2
55049,Midwest,2
55051,Midwest,2
55053,Midwest,2
55055,Midwest,2
55057,Midwest,2
55059,Midwest,2
55061,Midwest,2
55063,Midwest,2
55065,Midwest,2
55067,Midwest,2
55069,Midwest,2
55071,Midwest,2
55073,Midwest,2
55075,Midwest,2
55077,Midwest,2
55078,Midwest,2
55079,Midwest,2
55081,Midwest,2
55083,Midwest,2
55085,Midwest,2
55087,Midwest,2
55089,Midwest,2
55091,Midwest,2
55093,Midwest,2
55095,Midwest,2
55097,Midwest,2
55099,Midwest,2
55101,Midwest,2
55103,Midwest,2
55105,Midwest,2
55107,Midwest,2
55109,Midwest,2
55111,Midwest,2
55113,Midwest,2
55115,Midwest,2
55117,Midwest,2
55119,Midwest,2
55121,Midwest,2
55123,Midwest,2
55125,Midwest,2
55127,Midwest,2
55129,Midwest,2
55131,Midwest,2
55133,Midwest,2
55135,Midwest,2
55137,Midwest,2
55139,Midwest,2
55141,Midwest,2
56001,West,4
56003,West,4
56005,West,4
56007,West,4
56009,West,4
56011,West,4
56013,West,4
56015,West,4
56017,West,4
56019,West,4
56021,West,4
56023,West,4
56025,West,4
56027,West,4
56029,West,4
56031,West,4
56033,West,4
56035,West,4
56037,West,4
56039,West,4
56041,West,4
56043,West,4
56045,West,4
